<?xml version="1.0" encoding="utf-8"?>
<?xml-stylesheet type="text/xsl" href="WDD_XML_Final_Project_AnuKulshrestha_XSL_file.xsl "?>

<news_webpage>
 
 <navigation_list>    
  <menu_item>Home</menu_item>
  <menu_item>Google News</menu_item>
  <menu_item>BBC News</menu_item>
  <menu_item>CNN News</menu_item>
  <menu_item>CBC News</menu_item>
 </navigation_list>
 
 <news>
  <article>
   <headline>Global and Canada COVID-19 cases</headline>
   <news_image>images/covid19_1.jpg</news_image>
   <news_image_desc>Covide cases</news_image_desc>
   <website_logo>images/CBC.png</website_logo>
   <website_logo_desc>Website Logo</website_logo_desc>
   <news_inbrief>
    While the numbers can tell you a lot about the coronavirus, the case numbers only tell part of the story.Areas that test a high number of people will ultimately detect more cases than those that are not doing as much testing.
   </news_inbrief>
   <readmore>Read more</readmore>
   <news_category_details>Category: </news_category_details>
   <news_category>Health</news_category>
   <news_author_details>Author: </news_author_details>
   <news_author>
    World data is pulled from Johns Hopkins University (https://coronavirus.jhu.edu/)
   </news_author>
   <news_date_details>Date: </news_date_details>
   <news_date>Updated daily at 8 p.m. ET.</news_date>
   <news_day></news_day>
   <news_month></news_month>
   <news_detail_link>https://newsinteractives.cbc.ca/coronavirustracker/</news_detail_link>  
   <news_website>CBC/Radio-Canada</news_website>
   <news_website_link_details>Link: </news_website_link_details>
   <news_website_link>https://www.cbc.ca/</news_website_link>
  </article>
  
  <article>
   <headline>Manitoba puts together think tank to help restart the economy</headline>
   <news_image>images/economy_1.jpg</news_image>
   <news_image_desc>Economy</news_image_desc>
   <website_logo>images/WinnipegSun.png</website_logo>
   <website_logo_desc>Website Logo</website_logo_desc>
   <news_inbrief>The provincial government has created a new committee to help steer Manitoba through the economic recovery from COVID-19. </news_inbrief>
   <readmore>Read more</readmore>
   <news_category_details>Category: </news_category_details>
   <news_category>Economy</news_category>
   <news_author_details>Author: </news_author_details>
   <news_author>Josh Aldrich - jaldrich@postmedia.com</news_author>
   <news_date_details>Date: </news_date_details>
   <news_date>13/05/2020</news_date>
   <news_day>13</news_day>
   <news_month>05</news_month>
   <news_detail_link>https://winnipegsun.com/news/news-news/manitoba-puts-together-think-tank-to-help-restart-the-economy</news_detail_link>  
   <news_website>Winnipeg Sun</news_website>
   <news_website_link_details>Link: </news_website_link_details>
   <news_website_link>https://winnipegsun.com/</news_website_link>
  </article>
  
  <article>
   <headline>Tips for Working from Home during COVID-19</headline>
   <news_image>images/workfromhome_1.jpg</news_image>
   <news_image_desc>tips to work from home</news_image_desc>   
   <website_logo>images/PCMag.png</website_logo>
   <website_logo_desc>Website Logo</website_logo_desc>
   <news_inbrief>
     The outbreak of the coronavirus has most people working from home. If you're new to working remotely, these tips from a home-office pro can help you stay productive and maintain balance.
   </news_inbrief>
   <readmore>Read more</readmore>
   <news_category_details>Category: </news_category_details>
   <news_category>Technical</news_category>
   <news_author_details>Author: </news_author_details>
   <news_author>Jill Duffy. twitter link - @jilleduffy</news_author>
   <news_date_details>Date: </news_date_details>
   <news_date>27/03/2020</news_date>
   <news_day>27</news_day>
   <news_month>03</news_month>
   <news_detail_link>https://www.pcmag.com/news/get-organized-20-tips-for-working-from-home</news_detail_link>  
   <news_website>PCMag</news_website>
   <news_website_link_details>Link: </news_website_link_details>
   <news_website_link>https://www.pcmag.com/</news_website_link>
  </article>
  
  <article>
   <headline>Cross-border separation of loved ones 'difficult' but necessary</headline>
   <news_image>images/traveldifficulties_1.jpg</news_image>
   <news_image_desc>travelling</news_image_desc>   
   <website_logo>images/CTV_News.png</website_logo>
   <website_logo_desc>Website Logo</website_logo_desc>
   <news_inbrief>
    TORONTO -- While he acknowledged the difficulty of an extended period of separation for many Canadians with family in the U.S., Prime Minister Justin Trudeau stressed that travel restrictions at the border must be respected in order to prevent the spread of COVID-19.
   </news_inbrief>
   <readmore>Read more</readmore>
   <news_category_details>Category: </news_category_details>
   <news_category>National</news_category>
   <news_author_details>Author: </news_author_details>
   <news_author>Jackie Dunham. twitter link - @JaclynLDunham</news_author>
   <news_date_details>Date: </news_date_details>
   <news_date>15/05/2020</news_date>
   <news_day>15</news_day>
   <news_month>05</news_month>
   <news_detail_link>https://www.ctvnews.ca/health/coronavirus/pm-says-cross-border-separation-of-loved-ones-difficult-but-necessary-to-curb-covid-19-1.4941383</news_detail_link>  
   <news_website>CTV NEWS</news_website>
   <news_website_link_details>Link: </news_website_link_details>
   <news_website_link>https://www.ctvnews.ca/</news_website_link>
  </article>
  
  <article>
   <headline>COVID-19 could cause permanent shift towards home working</headline>
   <news_image>images/office.jpg</news_image>
   <news_image_desc>Change in work environment</news_image_desc>   
   <website_logo>images/TheGuardian.png</website_logo>
   <website_logo_desc>Website Logo</website_logo_desc>
   <news_inbrief>
    Covid 19 could permanently shift working patterns as companies forced to embrace remote working by the pandemic find that their employees do not want to return to the office once the closures are lifted.
   </news_inbrief>
   <readmore>Read more</readmore>
   <news_category_details>Category: </news_category_details>
   <news_category>Business</news_category>
   <news_author_details>Author: </news_author_details>
   <news_author>Alex Hern, Technology editor. twitter link - @alexhern</news_author>
   <news_date_details>Date: </news_date_details>
   <news_date>13/03/2020</news_date>
   <news_day>13</news_day>
   <news_month>03</news_month>
   <news_detail_link>https://www.theguardian.com/technology/2020/mar/13/covid-19-could-cause-permanent-shift-towards-home-working</news_detail_link> 
   <news_website>The Guardian</news_website>
   <news_website_link_details>Link: </news_website_link_details>
   <news_website_link>https://www.theguardian.com/international</news_website_link>
  </article>
 </news>
 
 <footer_navigation>
  <footer_menu>Career</footer_menu>
  <footer_menu>Privacy Policy</footer_menu>
  <footer_menu>About Us</footer_menu>
  <footer_menu>FAQs</footer_menu>
  <footer_menu>Advertise</footer_menu>
  <footer_menu>Contact Us</footer_menu>
  <copyright_symbol>copyright </copyright_symbol>
  <copyright_details>AYN Technologies Ltd. All Rights Reserved.</copyright_details>
 </footer_navigation>
 
</news_webpage>